Workbook

Sheet 水费
A1: 月份 | B1: 费用支出（元） | J1: 用量（吨）
B2: 2019年 | C2: 2020年 | D2: 2021年 | E2: 2022年 | F2: 2023年 | G2: 2024年 | H2: 2025年 | I2: 2026年 | J2: 2019年 | K2: 2020年 | L2: 2021年 | M2: 2022年 | N2: 2023年 | O2: 2024年 | P2: 2025年 | Q2: 2026年
A3: 一月 | B3: 1292.5 | C3: 10918.1 | D3: 12262.77 | E3: 12361 | F3: 10123.7 | G3: 11500.9 | H3: 11110.8 | I3: =[1]水费!$C4 -> 10222.5 | J3: 275 | K3: 2323 | L3: 2899 | M3: 2630 | N3: 2175 | O3: 2447 | P3: 2364 | Q3: =[1]水费!$B4 -> 2175
A4: 二月 | B4: 648.6 | C4: 8032.3 | D4: 9885.51 | E4: 12652.4 | F4: 8956.52 | G4: 12375.1 | H4: 8135.7 | I4: =[1]水费!$C5 -> 11468 | J4: 138 | K4: 1709 | L4: 2337 | M4: 2692 | N4: 1922 | O4: 2633 | P4: 1731 | Q4: =[1]水费!$B5 -> 2440
A5: 三月 | B5: 958.8 | C5: 4107.33 | D5: 4149.63 | E5: 7994.7 | F5: 11281.86 | G5: 8253.2 | H5: 7115.8 | I5: =[1]水费!$C6 -> 6796.2 | J5: 204 | K5: 873.9 | L5: 981 | M5: 1701 | N5: 2421 | O5: 1756 | P5: 1514 | Q5: =[1]水费!$B6 -> 1446
A6: 四月 | B6: 6199.3 | C6: 7893.18 | D6: 14800.3 | E6: 11721.8 | F6: 11505.54 | G6: 11646.6 | H6: 10833.5 | I6: =[1]水费!$C7 -> 9479.9 | J6: 1319 | K6: 1679.4 | L6: 3149 | M6: 2494 | N6: 2469 | O6: 2478 | P6: 2305 | Q6: =[1]水费!$B7 -> 2017
A7: 五月 | B7: 10565.6 | C7: 9923.58 | D7: 11101.4 | E7: 10227.2 | F7: 12157.94 | G7: 10528 | H7: 12718.2 | J7: 2248 | K7: 2111.4 | L7: 2362 | M7: 2176 | N7: 2609 | O7: 2240 | P7: 2706
A8: 六月 | B8: 10076.8 | C8: 10748.43 | D8: 10401.1 | E8: 12220 | F8: 12600.64 | G8: 12483.2 | H8: 10340 | J8: 2144 | K8: 2286.9 | L8: 2213 | M8: 2600 | N8: 2704 | O8: 2656 | P8: 2200
A9: 七月 | B9: 11101.4 | C9: 12182.4 | D9: 17244.3 | E9: 13912 | F9: 13313.62 | G9: 11862.8 | H9: 11524.4 | J9: 2362 | K9: 2592 | L9: 3669 | M9: 2960 | N9: 2857 | O9: 2524 | P9: 2452
A10: 八月 | B10: 16732 | C10: 16814.25 | D10: 15392.5 | E10: 19598.04 | F10: 19753.74 | G10: 19749.4 | H10: 15702.7 | J10: 3560 | K10: 3577.5 | L10: 3275 | M10: 4242 | N10: 4239 | O10: 4202 | P10: 3341
A11: 九月 | B11: 16215 | C11: 13874.4 | D11: 18734.2 | E11: 18526.2 | F11: 17363.16 | G11: 17310.1 | H11: 17042.2 | J11: 3450 | K11: 2952 | L11: 3986 | M11: 4010 | N11: 3726 | O11: 3683 | P11: 3626
A12: 十月 | B12: 12191.8 | C12: 7630.92 | D12: 20421.5 | E12: 14178.78 | F12: 13639.82 | G12: 13921.4 | H12: 12910.9 | J12: 2594 | K12: 1623.6 | L12: 4345 | M12: 3069 | N12: 2927 | O12: 2962 | P12: 2747
A13: 十一月 | B13: 10316.5 | C13: 6353.46 | D13: 9747.8 | E13: 7458.14 | F13: 14916.66 | G13: 10927.5 | H13: 9653.8 | J13: 2195 | K13: 1351.8 | L13: 2074 | M13: 2902 | N13: 3201 | O13: 2325 | P13: 2054
A14: 十二月 | B14: 14776.8 | C14: 9999.72 | D14: 12351.6 | E14: 6985.26 | F14: 12674.72 | G14: 10109.7 | H14: 9000.5 | J14: 3144 | K14: 2127.6 | L14: 2628 | M14: 2718 | N14: 2720 | O14: 2151 | P14: 1915
A15: 全年合计 | B15: =SUM(B3:B14) -> 111075.1 | C15: =SUM(C3:C14) -> 118478.07 | D15: =SUM(D3:D14) -> 156492.61 | E15: =SUM(E3:E14) -> 147835.52 | F15: =SUM(F3:F14) -> 158287.92 | G15: =SUM(G3:G14) -> 150667.9 | H15: =SUM(H3:H14) -> 136088.5 | I15: =SUM(I3:I14) -> 37966.6 | ... Q15: =SUM(Q3:Q14) -> 8078
A16: 同期对比（截止8月）
A17: 升降趋势 | G17: =1-G16/I16 -> #DIV/0! | O17: =1-O16/Q16 -> #DIV/0!

Sheet 电费
A1: 月份 | B1: 费用支出（元） | J1: 用量（千瓦时）
B2: 2019年 | C2: 2020年 | D2: 2021年 | E2: 2022年 | F2: 2023年 | G2: 2024年 | H2: 2025年 | I2: 2026年 | J2: 2019年 | K2: 2020年 | L2: 2021年 | M2: 2022年 | N2: 2023年 | O2: 2024年 | P2: 2025年 | Q2: 2026年
A3: 一月 | B3: 92883.29 | C3: 218754.59 | D3: 234810.1 | E3: 273515.87 | F3: 295507.16 | G3: 307999.67 | H3: 282409.71 | I3: =[1]电费!$D4 -> 239670.65 | J3: 125517.96 | K3: 295614.31 | L3: 369700 | M3: 364280 | N3: 359640 | O3: 408360 | P3: 398240 | Q3: =[1]电费!$G4 -> 336120
A4: 二月 | B4: 72473.56 | C4: 109074.25 | D4: 209871.91 | E4: 239376.16 | F4: 270121.9 | G4: 282219.39 | H4: 243225.89 | I4: =[1]电费!$D5 -> 233626.68 | J4: 97937.243 | K4: 147397.64 | L4: 318660 | M4: 317920 | N4: 335160 | O4: 371040 | P4: 347320 | Q4: =[1]电费!$G5 -> 353200
A5: 三月 | B5: 93644.63 | C5: 120594.37 | D5: 166305.65 | E5: 235057.58 | F5: 267220.47 | G5: 260995.18 | H5: 243952.75 | I5: =[1]电费!$D6 -> 168750.07 | J5: 126546.8 | K5: 162965.36 | L5: 252360 | M5: 319760 | N5: 332200 | O5: 340440 | P5: 343200 | Q5: =[1]电费!$G6 -> 251880
A6: 四月 | B6: 166160.82 | C6: 131632.23 | D6: 184896.96 | E6: 269215.23 | F6: 261746.16 | G6: 259765.89 | H6: 237155.38 | I6: =[1]电费!$D7 -> 188548.71 | J6: 224541.65 | K6: 177881.39 | L6: 280880 | M6: 335920 | N6: 343600 | O6: 332040 | P6: 332920 | Q6: =[1]电费!$G7 -> 277960
A7: 五月 | B7: 135074.58 | C7: 167309.98 | D7: 188763.47 | E7: 226030.57 | F7: 245278.67 | G7: 252064.12 | H7: 229664.8 | J7: 182533.22 | K7: 226094.57 | L7: 286280 | M7: 281240 | N7: 318560 | O7: 317760 | P7: 321720
A8: 六月 | B8: 201359.84 | C8: 311262.15 | D8: 201865.17 | E8: 294672.94 | F8: 330301.72 | G8: 317608.87 | H8: 283287.86 | J8: 272107.89 | K8: 420624.53 | L8: 358840 | M8: 378600 | N8: 421120 | O8: 412480 | P8: 415040
A9: 七月 | B9: 246374.49 | C9: 313965.95 | D9: 372989.63 | E9: 430396.83 | F9: 415790.01 | G9: 390100.81 | H9: 354695.23 | J9: 332938.5 | K9: 424278.31 | L9: 576000 | M9: 560360 | N9: 532760 | O9: 515560 | P9: 513040
A10: 八月 | B10: 329804.64 | C10: 328035.71 | D10: 350166.63 | E10: 448978.88 | F10: 449086.41 | G10: 495479.29 | H10: 420320.06 | J10: 445681.95 | K10: 443291.5 | L10: 541800 | M10: 593560 | N10: 581960 | O10: 656080 | P10: 601320
A11: 九月 | B11: 275702.35 | C11: 185513.32 | D11: 347154.8 | E11: 472309.85 | F11: 433375.68 | G11: 488244.03 | H11: 400531.65 | J11: 372570.74 | K11: 250693.68 | L11: 536760 | M11: 547920 | N11: 544320 | O11: 642760 | P11: 565880
A12: 十月 | B12: 172083.79 | C12: 148593.83 | D12: 261801.82 | E12: 294001.38 | F12: 289710.81 | G12: 287425.83 | H12: 330425.74 | J12: 232545.66 | K12: 200802.47 | L12: 408080 | M12: 347120 | N12: 377680 | O12: 379400 | P12: 460640
A13: 十一月 | B13: 164461.13 | C13: 161537.01 | D13: 198568.08 | E13: 239347 | F13: 267091.77 | G13: 254392.89 | H13: 230163.26 | J13: 222244.77 | K13: 218293.26 | L13: 296960 | M13: 310400 | N13: 356240 | O13: 334200 | P13: 334360
A14: 十二月 | B14: 165177.31 | C14: 93955.79 | D14: 216882.63 | E14: 262640.8 | F14: 264268.62 | G14: 240924.75 | H14: 230676.41 | J14: 223212.58 | K14: 126967.28 | L14: 311320 | M14: 346560 | N14: 350880 | O14: 323160 | P14: 304280
A15: 全年合计 | B15: =SUM(B3:B14) -> 2115200.4 | C15: =SUM(C3:C14) -> 2290229.2 | D15: =SUM(D3:D14) -> 2934076.8 | E15: =SUM(E3:E14) -> 3685543.1 | F15: =SUM(F3:F14) -> 3789499.4 | G15: =SUM(G3:G14) -> 3837220.7 | H15: 3486508.7 | I15: =SUM(I3:I14) -> 830596.11 | J15: =SUM(J3:J14) -> 2858379 | K15: =SUM(K3:K14) -> 3094904.3 | L15: =SUM(L3:L14) -> 4537640 | M15: =SUM(M3:M14) -> 4703640 | N15: =SUM(N3:N14) -> 4854120 | O15: =SUM(O3:O14) -> 5033280 | P15: =SUM(P3:P14) -> 4937960 | Q15: =SUM(Q3:Q14) -> 1219160
A16: 同期对比（截止8月）
A17: 升降趋势 | O17: -0.02

Sheet 燃气费
A1: 月份 | B1: 费用支出（元） | J1: 用量（立方米） | R1: 备注
B2: 2019年 | C2: 2020年 | D2: 2021年 | E2: 2022年 | F2: 2023年 | G2: 2024年 | H2: 2025年 | I2: 2026年 | J2: 2019年 | K2: 2020年 | L2: 2021年 | M2: 2022年 | N2: 2023年 | O2: 2024年 | P2: 2025年 | Q2: 2026年
A3: 一月 | B3: 0 | C3: 116432.46 | D3: 134730.39 | E3: 164574.08 | F3: 170336.11 | G3: 199812.36 | H3: 229242 | I3: =[1]燃气费!$F2 -> 117228.15 | J3: =B3/3.9 -> 0 | K3: =C3/3.9 -> 29854.477 | L3: 41547 | M3: 34144 | N3: 36319 | O3: 47802 | P3: 58780 | Q3: =[1]燃气费!$M2 -> 31095
A4: 二月 | B4: 0 | C4: 41129.02 | D4: 108960.93 | E4: 184779.52 | F4: 193195.17 | G4: 71168.68 | H4: 169841.1 | I4: =[1]燃气费!$F3 -> 153205.26 | J4: =B4/3.9 -> 0 | K4: =C4/3.9 -> 10545.903 | L4: 32721 | M4: 38336 | N4: 41193 | O4: 17026 | P4: 43549 | Q4: =[1]燃气费!$M3 -> 40638
A5: 三月 | B5: 10115.95 | C5: 3820.87 | D5: 61225.38 | E5: 82788.32 | F5: 81884.59 | G5: 114268.66 | H5: 156374.4 | I5: =[1]燃气费!$F4 -> 54698.93 | J5: =B5/3.9 -> 2593.8333 | K5: =C5/3.9 -> 979.71026 | L5: 18386 | M5: 17176 | N5: 19382 | O5: 27337 | P5: 40096 | Q5: =[1]燃气费!$M4 -> 14509
A6: 四月 | B6: 13102.15 | C6: 9046.17 | D6: 30619.35 | E6: 42825.7 | F6: 21741.64 | G6: 21138.26 | H6: 27206.4 | I6: =[1]燃气费!$F5 -> 12791.61 | J6: =B6/3.9 -> 3359.5256 | K6: =C6/3.9 -> 2319.5308 | L6: 9195 | M6: 8885 | N6: 4707 | O6: 5057 | P6: 6976 | Q6: =[1]燃气费!$M5 -> 3393
A7: 五月 | B7: 14441.2 | C7: 12533.84 | D7: 11075.64 | E7: 19516.18 | F7: 18570.57 | G7: 21397.42 | H7: 14820 | J7: =B7/3.9 -> 3702.8718 | K7: =C7/3.9 -> 3213.8051 | L7: 3756 | M7: 4049 | N7: 4700 | O7: 5119 | P7: 3800
A8: 六月 | B8: 9462.72 | C8: 13406.88 | D8: 14112.03 | E8: 24128.92 | F8: 18807.6 | G8: 19186.2 | H8: 16894.8 | J8: =B8/3.9 -> 2426.3385 | K8: =C8/3.9 -> 3437.6615 | L8: 4567 | M8: 5006 | N8: 4478 | O8: 4590 | P8: 4332
A9: 七月 | B9: 16546.86 | C9: 11070.54 | D9: 13534.2 | E9: 22017.76 | F9: 16820.32 | G9: 20186.4 | H9: 18638.1 | J9: =B9/3.9 -> 4242.7846 | K9: =C9/3.9 -> 2838.6 | L9: 4380 | M9: 4568 | N9: 4024 | O9: 5176 | P9: 4779
A10: 八月 | B10: 15942.96 | C10: 9619.19 | D10: 13651.62 | E10: 25155.58 | F10: 20736.98 | G10: 18848.7 | H10: 13786.5 | J10: =B10/3.9 -> 4087.9385 | K10: =C10/3.9 -> 2466.459 | L10: 4418 | M10: 5219 | N10: 4961 | O10: 4833 | P10: 3535
A11: 九月 | B11: 11602.26 | C11: 12981.15 | D11: 14847.45 | E11: 20934.59 | F11: 16949.9 | G11: 17448.6 | H11: 14309.1 | J11: =B11/3.9 -> 2974.9385 | K11: =C11/3.9 -> 3328.5 | L11: 4805 | M11: 4411 | N11: 4055 | O11: 4474 | P11: 3669
A12: 十月 | B12: 10912.37 | C12: 10450.44 | D12: 9078.42 | E12: 20762.63 | F12: 14354.12 | G12: 17241.9 | H12: 10137.01 | J12: =B12/3.9 -> 2798.0436 | K12: =C12/3.9 -> 2679.6 | L12: 2938 | M12: 4427 | N12: 3434 | O12: 4421 | P12: 2754
A13: 十一月 | B13: 10973.5 | C13: 19317.49 | D13: 18844.39 | E13: 25363.52 | F13: 21560.44 | G13: 17526.6 | H13: 15434.38 | J13: =B13/3.9 -> 2813.7179 | K13: =C13/3.9 -> 4953.2026 | L13: 4317 | M13: 5408 | N13: 5158 | O13: 4494 | P13: 4094
A14: 十二月 | B14: 130711.88 | C14: 110377.13 | D14: 80956.72 | E14: 141197.14 | F14: 13338.38 | G14: 19531.2 | H14: 37458.72 | J14: =B14/3.9 -> 33515.867 | K14: =C14/3.9 -> 28301.828 | L14: 16796 | M14: 30106 | N14: 3191 | O14: 5008 | P14: 9936
A15: 全年合计 | B15: =SUM(B3:B14) -> 243811.85 | C15: =SUM(C3:C14) -> 370185.18 | D15: =SUM(D3:D14) -> 511636.52 | E15: =SUM(E3:E14) -> 774043.94 | F15: =SUM(F3:F14) -> 608295.82 | G15: =SUM(G3:G14) -> 557754.98 | H15: =SUM(H3:H14) -> 724142.51 | I15: =SUM(I3:I14) -> 337923.95 | ... Q15: =SUM(Q3:Q14) -> 89635
A16: 同期对比（截止8月）
A17: 升降趋势
